Model,MAE,MSE,R2
MLR,62986758.083110,2705720187397051904.000000,-7898354785808419840.000000
Lasso,0.323836,0.190666,0.443422
Elasticnet,0.323836,0.190666,0.443422
